
[
  {
    "question": "The phrase accident waiting to happen is an example of what type of figure of speech?" ,
    "choice1": "<simile>",
    "choice2": "<metaphor>",
    "choice3": "<analogy>",
    "choice4": "<idiom>",
    "answer": 4
  },
  {
    "question": "The lesser-known continuation of the saying curiosity killed the cat...is",
    "choice1": "<..which taught it not to do that.>",
    "choice2": "<..but satisfaction brough it back>",
    "choice3": "<..and the silent mouse remained threrat>",
    "choice4": "<..butdeath by the truth is better than ignorance>",
    "answer": 2
  },
  {
    "question":"Solids like fats, grease and oil and that float on top of liquid wastewater is called_____",
    "choice1": "compost",
    "choice2": "peat",
    "choice3": "sludge",
    "choice4": "urea",
    "answer": 4
  },
  {
    "question":"Four years ago, the ratio of ages of A and B was 3 : 5. Ten years from now, the ratio of the ages of A and B will be 5 : 6. Find the sum of present ages?",
    "choice1": "32 year",
    "choice2": "24 year",
    "choice3": "22 year",
    "choice4": "26 year",
    "answer": 2
  },
  {
    "question":"The ages of A and B are in the ratio 5:7. Five years ago, their ages were in the ratio 5:8. The respective present ages (in years) are",
    "choice1": "20,28",
    "choice2": "35,13",
    "choice3": "30,38",
    "choice4": "40,48",
    "answer": 1
  },
  {
    "question":"If x+1/x=5, then x^3+1/x^3 is equal to",
    "choice1": "110",
    "choice2": "125",
    "choice3": "130",
    "choice4": "145",
    "answer": 4
  }
  
]


